Title,Type,Date,Location

Texturizer 1.72,Shareware,3/31/00,MNL_SERVER_NT/Download/Texturizer/
Win SQL,Freeware,3/28/00,MNL_SERVER_NT/Download/winsql/
Windows Blinds 1.2,Single User,3/3/00,MNL_SERVER_NT/Download/WindowBlinds/
MS Speech SDK 4,Shareware,5/12/99,MNL_SERVER_NT/Download/Microsoft TTS/
Icon Edit Pro,Shareware,2/2/00,
Pant Shop Pro Demo,Evaluation 30 Day,2/11/00,MNL_SERVER_NT/Download/Paint Shop Pro/
Wextech Doc to Help,Evaluation 30 Day,2/9/00,MNL_SERVER_NT/Download/DoctoHelp/
VNC,Freeware,2/2/00,MNL_SERVER_NT/Download/VNC/
Neoplanet 5.1,Freeware,3/22/00,MNL_SERVER_NT/Download/NeoPlanet/
Winzip 8.0,Shareware,4/26/00,MNL_SERVER_NT/Download/winZip8.0/
Real Player,Shareware,4/27/00,MNL_SERVER_NT/Download/Real Audio/

,,,
,,,
